<?xml version="1.0" encoding="UTF-8"?>
<metadata xml:lang="zh"><Esri><CreaDate>20200325</CreaDate><CreaTime>17133800</CreaTime><ArcGISFormat>1.0</ArcGISFormat><SyncOnce>TRUE</SyncOnce><DataProperties><itemProps><itemLocation><linkage Sync="TRUE">file://\\DESKTOP-LCSIIUP\F$\Models\Korea\MIHO\Model_2004_2014\MIHO\Geospatial\dem.tif</linkage><protocol Sync="TRUE">Local Area Network</protocol></itemLocation></itemProps><copyHistory><copy source="F:\Models\Korea\MIHO\Turorial\Spatial data\dem.tif" dest="\\DESKTOP-LCSIIUP\F$\Models\Korea\MIHO\Model_2004_2014\MIHO\Geospatial\dem.tif" date="20200325" time="17133800"></copy></copyHistory></DataProperties></Esri></metadata>
