<?xml version="1.0" encoding="UTF-8"?>
<metadata xml:lang="zh"><Esri><CreaDate>20200325</CreaDate><CreaTime>17132600</CreaTime><ArcGISFormat>1.0</ArcGISFormat><SyncOnce>TRUE</SyncOnce><DataProperties><lineage><Process ToolSource="d:\program files (x86)\arcgis\desktop10.4\ArcToolbox\Toolboxes\Data Management Tools.tbx\CalculateField" Date="20200324" Time="180430">CalculateField Irrigation_districts Id [FID]+1 VB #</Process></lineage><itemProps><itemLocation><linkage Sync="TRUE">file://\\DESKTOP-LCSIIUP\F$\Models\Korea\MIHO\Model_2004_2014\MIHO\Geospatial\Irrigation_districts</linkage><protocol Sync="TRUE">Local Area Network</protocol></itemLocation></itemProps><copyHistory><copy source="F:\Models\Korea\MIHO\Turorial\Spatial data\Irrigation_districts" dest="\\DESKTOP-LCSIIUP\F$\Models\Korea\MIHO\Model_2004_2014\MIHO\Geospatial\Irrigation_districts" date="20200325" time="17132600"></copy></copyHistory></DataProperties></Esri></metadata>
