<?xml version="1.0" encoding="UTF-8"?>
<metadata xml:lang="zh"><Esri><CreaDate>20200325</CreaDate><CreaTime>17141300</CreaTime><ArcGISFormat>1.0</ArcGISFormat><SyncOnce>TRUE</SyncOnce><DataProperties><itemProps><itemLocation><linkage Sync="TRUE">file://\\DESKTOP-LCSIIUP\F$\Models\Korea\MIHO\Model_2004_2014\MIHO\Geospatial\landuse.tif</linkage><protocol Sync="TRUE">Local Area Network</protocol></itemLocation></itemProps><copyHistory><copy source="E:\Project\HEIFLOW\Manual\Help\examples\Tools\Create WRA Input File\landuse.tif" dest="\\DESKTOP-LCSIIUP\F$\Models\Korea\MIHO\Model_2004_2014\MIHO\Geospatial\landuse.tif" date="20200325" time="17141300"></copy></copyHistory></DataProperties></Esri></metadata>
